Raga,Duration,Artist,Instrument,Laya,Taal,Accompanists,Instruments,Form,Name
Sahana,474,Abhisek Lahiri,Sarod,Madhya,Jhaptaal,Sanju Sahai,Tabla,Khyal,RaagSahanaAbhisekLahiriMusicofIndia
Shree,713,Abhisek Lahiri,Sarod,Drut,Teentaal,Sukhvinder Singh 'Pinky',Tabla,Khyal,AbhisekLahiriSukhvinderSinghPinkyRaagShreeSarodTabla
Malkauns,247,Abhisek Lahiri,Sarod,Drut,,,,Jor|Jhala,SpellbindingRaagMalkaunsAbhisekLahiriMusicofIndia
Kaunsi Kanada,59,Abhisek Lahiri,Sarod,Drut,,,,Khyal,RaagKaunsiKanadaAbhisekLahiriMusicofIndia
Chayanat,598,Abhisek Lahiri,Sarod,Madhya,Roopak,Sukhvinder Singh 'Pinky',Tabla,Khyal,AbhisekLahiriSukhvinderSinghPinkyRaagChayanatSarodTabla
Shree,314,Abhisek Lahiri,Sarod,Drut,Teentaal,Sukhwinder Singh,Tabla,Jor|Jhala,TranceMusicinRaagShreeAbhisekLahiriSarodMusicofIndia
Bhairavi,512,Abhishek Borkar,Sarod,Vilambit,,,,Khyal,RaagBhairaviAbhishekBorkarSunriseDarbarVR
Nat Bhairav,1004,Abhishek Borkar,Sarod,Vilambit|Drut,,,,Alap,RaagNatBhairavAbhishekBorkarMorningDarbarVR
Shree,2950817,Ajoy Chakraborty,Vocal,Madhya|Vilambit,Ektaal|Teentaal,V. G. Jog|Jyoti Goho|Pandit Chandrabhan,Violin|Harmonium|Tabla,Khyal,AjoyChakrabartyRagaShreeKhayal
Jog,3147329,Ajoy Chakraborty,Vocal,Madhya|Vilambit,Ektaal|Jhaptaal|Teentaal,,,Khyal,AjoyChakrabartyRaagJog
Bairagi,899469,Ajoy Chakraborty,Vocal,Vilambit,Ektaal|Ektaal,Paromita Mukherjee|Indranil Bhaduri,Harmonium|Tabla,Khyal,AjoyChakrabartyBairagi
Shuddha Kalyan,903653,Ajoy Chakraborty,Vocal,Vilambit,Ektaal|Teentaal,Paromita Mukherjee|Indranil Bhaduri,Harmonium|Tabla,Khyal,AjoyChakrabartySudhKalyan
Kedar,2727008,Ajoy Chakraborty,Vocal,Madhya|Vilambit,Ektaal|Jhaptaal|Jhoomra|Teentaal,,,Khyal,AjoyChakrabartyRaagKedar
Bilaskhani Todi,854500,Ajoy Chakraborty,Vocal,Vilambit,Teentaal|Teentaal,Paromita Mukherjee|Indranil Bhaduri,Harmonium|Tabla,Khyal,AjoyChakrabartyBilaskhaniTodi
Shuddha Sarang,805479,Ajoy Chakraborty,Vocal,Vilambit,Ektaal|Teentaal,Paromita Mukherjee|Indranil Bhaduri,Harmonium|Tabla,Khyal,AjoyChakrabartySudhSarang
Kalavati,343916,Ajoy Chakraborty,Vocal,Madhya,Roopak|Teentaal,Paromita Mukherjee|Indranil Bhaduri,Harmonium|Tabla,Khyal,AjoyChakrabartyKalavati
Lalit,3617018,Ajoy Chakraborty,Vocal,Madhya|Vilambit,Ektaal|Teentaal,Samar Saha|Sanjay Chakrabarty,Tabla|Harmonium,Khyal,AjoyChakrabartyRagaLalitKhayal
Malkauns,333144,Ajoy Chakraborty,Vocal,Vilambit,Ektaal|Teentaal,Paromita Mukherjee|Indranil Bhaduri,Harmonium|Tabla,Tarana|Khyal,AjoyChakrabartyMalkauns
Abhogi,2569084,Ajoy Chakraborty,Vocal,Madhya,Jhaptaal|Teentaal|Teentaal,,,Khyal,AjoyChakrabartyRaagAbhogi
Nat Bhairav,638360,Ajoy Chakraborty,Vocal,Vilambit,Ektaal|Jhoomra|Teentaal,Paromita Mukherjee|Indranil Bhaduri,Harmonium|Tabla,Tarana|Khyal,AjoyChakrabartyNatBhairon
Todi,541467,Ajoy Chakraborty,Vocal,Vilambit,Jhoomra|Teentaal,Paromita Mukherjee|Indranil Bhaduri,Harmonium|Tabla,Khyal,AjoyChakrabartyTodi
Maru Bihag,961956,Ajoy Chakraborty,Vocal,Vilambit,Ektaal|Teentaal,Paromita Mukherjee|Indranil Bhaduri,Harmonium|Tabla,Khyal,AjoyChakrabartyMaruBihag
Rageshree,2110797,Ajoy Chakraborty,Vocal,Madhya|Vilambit,Ektaal|Teentaal,,,Khyal,AjoyChakrabartyRaagRageshri
Rageshree,492315,Ajoy Chakraborty,Vocal,Vilambit,Jhoomra|Teentaal,Paromita Mukherjee|Indranil Bhaduri,Harmonium|Tabla,Khyal,AjoyChakrabartyRaageshree
Khamaj,1165572,Ajoy Chakraborty,Vocal,Madhya,Teentaal,,,Khyal,AjoyChakrabartyRaagKhamaj
Piloo,765257,Ajoy Chakraborty,Vocal,,Jatt,V. G. Jog|Jyoti Goho|Pandit Chandrabhan,Violin|Harmonium|Tabla,Thumri,AjoyChakrabartyThumriinPiloo
Multani,665839,Ajoy Chakraborty,Vocal,Vilambit,Teentaal|Teentaal,Paromita Mukherjee|Indranil Bhaduri,Harmonium|Tabla,Khyal,AjoyChakrabartyMultani
Ahir Bhairav,589443,Ajoy Chakraborty,Vocal,Madhya,Jhaptaal|Teentaal,Paromita Mukherjee|Indranil Bhaduri,Harmonium|Tabla,Khyal,AjoyChakrabartyAahirBhairon
Megh,1766922,Anol Chatterjee,Vocal,Vilambit,Ektaal|Ektaal,Jyotirmoy Banerjee|Chiranjit Mukherjee,Harmonium|Tabla,Khyal,AnolChatterjeeRaagMegh
Abhogi,1882697,Anol Chatterjee,Vocal,Vilambit,Ektaal|Teentaal,Jyotirmoy Banerjee|Chiranjit Mukherjee,Harmonium|Tabla,Khyal,AnolChatterjeeRaagAbhogi
Sahana,355,Anupama Bhagwat,Sitar,Drut,,,,Jhala,DivineSitarRoyalRaagShahanaAnupamaBhagwatMusicofIndia
Tilak Kamod,447,Anupama Bhagwat,Sitar,Drut,,,,,MajesticRaagTilakKamodAnupamaBhagwatMusicofIndia
Ramkali,776,Anupama Bhagwat,Sitar,Vilambit,,,,Alap,DevotionalRaagRamkaliAnupamaBhagwatEarlyMorningDarbarVR
Shyam Kalyan,290,Anupama Bhagwat,Sitar,Vilambit|Drut,,,,Jor/Jhala,RaagShyamKalyanPartAnupamaBhagwatMusicofIndia
Ahir Bhairav,580,Arati Ankalikar Tikekar,Vocal,Drut,Teentaal,Anubrata Chatterjee|Chinmay Kolhatkar,Tabla|Harmonium,Khyal,RaagAhirBhairavAratiAnkalikarTikekarKhayalMusicofIndia
Jaunpuri,627,Arati Ankalikar Tikekar,Vocal,Madhya,Roopak,Anubrata Chatterjee|Chinmay Kolhatkar|Omkar Dalvi,Tabla|Harmonium|Pakhawaj,Khyal,AratiAnkalikarTikekarRaagJaunpuriKhayalvocalMusicofIndia
Ahir Bhairav,1011,Arati Ankalikar Tikekar,Vocal,Vilambit,Teentaal,Anubrata Chatterjee|Chinmay Kolhatkar,Tabla|Harmonium,Khyal,AratiAnkalikarTikekarRaagAhirBhairav
Madhuvanti,58,Arshad Khan,Esraj,Drut,Teentaal,Shahbaz Khan,Tabla,Khyal,RaagMadhuvantiArshadKhanMusicofIndia
Bhairavi,211,Arshad Khan,Esraj,Vilambit,,,,Alap,RareIndianInstrumenttheEsrajRaagBhairaviArshadKhanMusicofIndia
Jansammohini,515,Ashwini Bhide-Deshpande,Vocal,Madhya,Addha,Vinod Lele|Vinay Mishra,Tabla|Harmonium,Khyal,SalutationstoGaneshaRaagJansammohiniAshwiniBhideDeshpandeDarbarFestival
Khem Kalyan,393,Ashwini Bhide-Deshpande,Vocal,Vilambit,Addha,Vinod Lele|Vinay Mishra,Tabla|Harmonium,Khyal,SoaringKhayalRareRaagKhemKalyanAshwiniBhideDeshpandeJaipurAtrauliMusicofIndia
Multani,699,Ayan Sengupta,Sitar,Vilambit,,,,Jor,MeditativeRaagMultaniAyanSenguptaDarbarVR
Gujri Todi,636,Ayan Sengupta,Sitar,Vilambit|Drut,,,,Alap|Jor,RaagGujriTodiAyanSenguptaMorningDarbarVR
Kaunsi Kanada,434,Bahauddin Dagar,Rudra Veena,Drut,,,,Dhrupad,TranceDhrupadUstadBahauddinDagarRaagKausiKanadaMusicofIndia
Adi Basant,713,Bahauddin Dagar,Rudra Veena,Vilambit,,,,Dhrupad,RaagAdiBasantUstadBahauddinDagarDarbarVR
Vardhani,532,Bahauddin Dagar|Pelva Naik,Rudra Veena|Vocal,Vilambit,Choutaal,Surdarshan Chana,Jori,Dhrupad,SublimeJugalbandiDhrupadUstadBahauddinDagarPelvaNaikRaagVardhaniMusicofIndia
Vardhani,597,Bahauddin Dagar|Pelva Naik,Rudra Veena|Vocal,Vilambit,,,,Dhrupad,MastersofDagarvaniUstadBahauddinDagarPelvaNaikRaagVardhaniMusicofIndia
Jaijaiwanti,550,Bhai Baldeep Singh,Vocal,Madhya,,Ravi Shankar Upadhyay|Kirpal Singh Panesar,Pakhawaj|Pakhawaj,Shahbad,RaamSimaarEhaTeroKaajBhaiBaldeepSinghRaagJaijaiwantiGurbani
Saraswati,790000,Brajeshwar Mukherjee,Vocal,Madhya,Teentaal,,,Khyal,BrajeshwarMukherjeeRaagSaraswati
Hameer,901146,Brajeshwar Mukherjee,Vocal,Madhya,Ektaal|Jhaptaal,Gourab Chatterjee|Sandip Ghosh,Tabla|Harmonium,Khyal,BrajeshwarMukherjeeRaagHameer
Bairagi,2513320,Brajeshwar Mukherjee,Vocal,Vilambit,Ektaal|Teentaal,,,Khyal,BrajeshwarMukherjeeRaagBairagi
Puriya,1849548,Brajeshwar Mukherjee,Vocal,,,Sandip Ghosh|Brajeshwar Mukherjee,Harmonium|Tabla,,BrajeshwarMukherjeeRaagPuriya
Jog,2013492,Brajeshwar Mukherjee,Vocal,Vilambit,Ektaal|Teentaal,Gourab Chatterjee|Sandip Ghosh,Harmonium|Tabla,Khyal,BrajeshwarMukherjeeRaagJog
Bhimpalasi,872988,Brajeshwar Mukherjee,Vocal,,,Gourab Chatterjee,Harmonium,,BrajeshwarMukherjeeRaagBhimpalasi
Bhairavi,360266,Brajeshwar Mukherjee,Vocal,,Keherwa,,,Thumri,BrajeshwarMukherjeeIraniBhairaviThumri
Darbari,277,Budhaditya Mukherjee,Sitar,Drut,,,,Jor|Jhala,RaagDarbariKanadaBudhadityaMukherjeeSitarTablaMusicofIndia
Lalit,445,Budhaditya Mukherjee,Sitar,Drut,Teentaal,Soumen Nandy,Tabla,Khyal,SitaronFireRaagLalitPartPanditBudhadityaMukherjeeMusicofIndia
Hameer,514,Budhaditya Mukherjee,Sitar,Madhya,Teentaal,Soumen Nandy,Tabla,Khyal,BudhadityaMukherjeeSoumenNandySitarTablaRaagHameer
Shuddha Sarang,355,Debashish Bhattacharya,Indian Slide Guitar,Drut,Ektaal,Yogesh Samsi,Tabla,Khyal,IndianSlideGuitarPanditDebashishBhattacharyaRaagShuddhSarangMusicofIndia
Kaunsi Kanada,464,Debashish Bhattacharya,Sarod,Drut,Teentaal,Subhankar Banerjee,Tabla,Jor|Jhala,StunningRaagKaunsiKanadaPanditDebashishBhattacharyaMusicofIndia
Kaunsi Kanada,470,Debashish Bhattacharya,Sarod,Drut,,,,Jor|Jhala,MesmerisingRaagKaunsiKanadaJorJhallaPanditDebashishBhattacharya
Kaunsi Kanada,828,Debasmita Bhattacharya,Sarod,Drut,Teentaal,Gurdain Rayatt,Tabla,Khyal,RaagKaunsiKanadaDebasmitaBhattacharyaGurdainRayattSarodTablaMusicofIndia
Bhimpalasi,680,Debasmita Bhattacharya,Sarod,Vilambit|Drut,,,,Alap|Jhala,RaagBhimpalasiDebasmitaBhattacharyaMusicofIndia
Bhairavi,358,Debasmita Bhattacharya,Sarod,Vilambit,,,,Alap,RaagBhairaviAlapDebasmitaBhattacharyaMusicofIndia
Ahir Bhairav,296,Debasmita Bhattacharya,Sitar,Vilambit,,,,,RaagAhirBhairavDebasmitaBhattacharyaMusicofIndia
Ramdasi Malhar,695379,Deborshee Bhattacharya,Vocal,Madhya,Teentaal|Teentaal,Biplab Bhattacharya|Jyoti Goho,Tabla|Harmonium,Khyal,DeborsheeBhattacharyaRaagRamdasiMalhar
Shree,3135000,Deborshee Bhattacharya,Vocal,Vilambit,Ektaal|Teentaal,Rupashree Bhattacharya,Harmonium,Khyal,DeborsheeBhattacharyaRaagShree
Bihag,3990000,Deborshee Bhattacharya,Vocal,Vilambit,Ektaal|Teentaal,Ashoke Mukherjee|Rupashree Bhattacharya,Tabla|Harmonium,,DeborsheeBhattacharyaRaagBihag
Miyan Ki Malhar,3931356,Deborshee Bhattacharya,Vocal,,Ektaal|Teentaal,Biplab Bhattacharya|Jyoti Goho,Harmonium|Tabla,,DeborsheeBhattacharyaRaagMianMalhar
Bhimpalasi,885,Dhruv Bedi,Sitar,Vilambit|Drut,,,,Jor|Jhala,NewKidontheRockDhruvBediRaagBhimpalasiSoloSitarMusicofIndia
Madhurkauns,454,Prabha Atre,Vocal,Madhya,Ektaal,Sanju Sahai|Bharat Bhushan Goswami|Ajay Joglekar,Tabla|Sarangi|Harmonium,Khyal,RaagMadhurkaunsDrPrabhaAtreKiranaKhayalMusicofIndia
Shyam Kalyan,526,Prabha Atre,Vocal,Madhya,Ektaal,Sanju Sahai|Bharat Bhushan Goswami|Ajay Joglekar,Tabla|Sarangi|Harmonium,Khyal,QuintessentialDrPrabhaAtreRaagShyamKalyanMusicofIndia
Bhimpalasi,570,Eeshar Singh,Santoor,Drut,Teentaal,Gurdain Rayatt,Tabla,Khyal|Jhala,SoulsFestivalEesharSinghGurdainRayattRaagBhimpalasi
Patdeep,335,Harjinderpal Matharu,Santoor,Drut,Teentaal,Yogesh Samsi,Tabla,Khyal|Jhala,SublimeRaagPatdeepHarjinderpalMatharuYogeshSamsiSantoorTablaMusicofIndia
Ahiri,387,Harmeet Virdee,Sitar,Drut,Teentaal,Bhupinder Chaggar,,Khyal,RareRaagAhiriHarmeetVirdeeBhupinderChaggarSitarTablaMusicofIndia
Lalit,459,Indrani Mukherjee,Vocal,Vilambit|Drut,Ektaal,Gurdain Rayatt|Milind Kulkarni,Tabla|Harmonium,Khyal,RaagLalitIndraniMukherjeeKhayalvocalMusicofIndia
Malkauns,600,Indrani Mukherjee,Vocal,Vilambit,Ektaal,Sanju Sahai|Milind Kulkarni,Tabla|Harmonium,Khyal,RaagMalkaunsIndraniMukherjeeKhayalVocalMusicofIndia
Lalit,684,Indrani Mukherjee,Vocal,Vilambit,Ektaal,Gurdain Rayatt|Milind Kulkarni,Tabla|Harmonium,Khyal,MesmerisingRaagLalitIndraniMukherjeeKiranaRampurKhayalMusicofIndia
Multani,469,Indrani Mukherjee,Vocal,Vilambit,,,,Khyal,GorgeousRaagMultaniIndraniMukherjeeKiranaRampurKhayalMusicofIndia
Bhairavi,762,Indrani Mukherjee,Vocal,Madhya,Dadra,Gurdain Rayatt|Milind Kulkarni,Tabla|Harmonium,Khyal,RaagBhairaviIndraniMukherjeeKiranaRampurKhayalMusicofIndia
Todi,602,Indrani Mukherjee,Vocal,Vilambit,,,,Khyal,StunningRaagTodiIndraniMukherjeeKiranaRampurKhayalvocalMusicofIndia
Darbari,389,Irshad Khan,Surbahar,Drut,Teentaal,Sukhvinder Singh,Jori,Khyal,RoyalRaagDarbariGatUstadIrshadKhanSukhvinderSinghSurbaharJoriMusicofIndia
Darbari,563,Irshad Khan,Surbahar,Drut,,,,Jor|Jhala,RoyalRaagDarbariJorJhallaIrshadKhanSurbaharMusicofIndia
Bhimpalasi,831,Jayateerth Mevundi,Vocal,Madhya,Teentaal,Dattatray Bhave|Leeladhar Chakradev,Tabla|Harmonium,Alap|Khyal,BrilliantRaagBhimpalasiJayateerthMevundiKiranaKhayalMusicofIndia
Vachaspati,550,Jesse Bannister,Saxophone,Vilambit,Teentaal,Sukhwinder Singh,Jori,Khyal,AMajesticalMeetingJesseBannisterandSukhwinderSinghRaagVachaspati
Lalit,360,Jyoti Hegde,Rudra Veena,Vilambit,,,,Jor,RaagLalitSoloRudraVeenaJyotiHegdeMusicofIndia
Gawati,661,Kaivalya Kumar Gurav,Vocal,Drut,Teentaal,Gurdain Rayatt|Milind Kulkarni,Tabla|Harmonium,Khyal,RaagGawatiKaivalyaKumarGuravMusicofIndia
Madhmad Sarang,1020,Kaivalya Kumar Gurav,Vocal,Vilambit,Ektaal,Prashant Pandav|Suyog Kundalkar,Tabla|Harmonium,Khyal,RaagMadhmadSarangPanditKaivalyakumarKiranaKhayalMusicofIndia
Tilak Kamod,668,Kala Ramnath,Violin,Madhya,Jhaptal,Yogesh Samsi,Tabla,Khyal,RaagTilakKamodKalaRamnathMusicofIndia
Puriya Dhanashree,405,Kala Ramnath,Violin,Madhya,Teentaal,Subhankar Banerjee,Tabla,Khyal,SingingIndianViolinKalaRamnathRaagPuriyaDhanashreeMusicofIndia
Piloo,285,Kamal Sabri,Sarangi,Vilambit,,,,Alap,PlayingsarangitothebirdsKamalSabriRaagPiluMusicofIndia
Shree,1462,Kamal Sabri,Sarangi,Vilambit,,,,Alap,ExtraordinarySarangiKamalSabriRaagShreeMusicofIndia
Bhairavi,1087,Kaushiki Chakraborty Desikan,Vocal,Vilambit,,,,Alap,MeditativeRaagBhairaviKaushikiChakrabortyDawnDarbarVR
Jaunpuri,202,Kaushiki Chakraborty Desikan,Vocal,Vilambit,,,,Alap,ExquisiteRaagJaunpuriKaushikiChakrabortyPatialaKhayalVocalMusicofIndia
Basant Mukhari,625,Kaushiki Chakraborty Desikan,Vocal,Vilambit,,,,Jhala,BestMorningMeditationRaagBasantMukhariKaushikiChakrabortyDarbarVR
Madhuvanti,663,Kaushiki Chakraborty Desikan,Vocal,Vilambit,,,,Khyal,RaagMadhuvantiHoneyLateAfternoonKaushikiChakrabortyDarbarVR
Bhimpalasi,357,Kaushiki Chakraborty Desikan,Vocal,Vilambit,Ektaal,Satyajit Talwalkar|Milind Kulkarni,Tabla|Harmonium,Khyal,ExquisiteAfternoonRaagBhimpalasiPartKaushikiChakrabortyPatialaKhayal
Shuddha Sarang,433,Kaushiki Chakraborty Desikan,Vocal,Vilambit,,,,Khyal,AmazingRaagShudhSarangKaushikiChakrabortyPatialaKhayalMusicofIndia
Abhogi,503,Kaushiki Chakraborty Desikan,Vocal,Vilambit,Ektaal,Milind Kulkarni|Shahbaz Hussain,Harmonium|Tabla,Khyal,KaushikiChakrabortyRaagAbhogiMusicofIndia
Bhimpalasi,298,Kaushiki Chakraborty Desikan,Vocal,Drut,Teentaal,Milind Kulkarni|Satyajit Talwalkar,Harmonium|Tabla,Khyal,ExquisiteAfternoonRaagBhimpalasiKaushikiChakrabortyPatialaKhayalMusicofIndia
Bhatiyar,2278974,Kaustuv Kanti Ganguli,Vocal,Madhya|Vilambit,Ektaal|Ektaal|Jhaptaal,Gourab Chatterjee|Indranil Bhaduri,Harmonium|Tabla,Khyal,KaustuvKantiGanguliRaagBhatiyar
Madhukauns,565373,Kaustuv Kanti Ganguli,Vocal,,,,,Khyal,KaustuvKantiGanguliRaagMadhukauns
Kirwani,603912,Kaustuv Kanti Ganguli,Vocal,Madhya,Ektaal,Chaitanya Joshi|Prasad Padhye,Violin|Tabla,Bhajan,KaustuvKantiGanguliKirwaniBhajan
Puriya Dhanashree,392435,Kaustuv Kanti Ganguli,Vocal,,,,,Khyal,KaustuvKantiGanguliRaagPuriyaDhanashree
Jog,2923664,Kaustuv Kanti Ganguli,Vocal,Madhya|Vilambit,Ektaal|Jhaptaal|Teentaal,Chaitanya Joshi|Prasad Padhye,Violin|Tabla,Khyal,KaustuvKantiGanguliRaagJog
Bhairavi,718915,Kaustuv Kanti Ganguli,Vocal,,Jatt,Gourab Chatterjee|Indranil Bhaduri,Harmonium|Tabla,,KaustuvKantiGanguliBhairaviThumri
Miyan Ki Malhar,546723,Kaustuv Kanti Ganguli,Vocal,,,,,Khyal,KaustuvKantiGanguliRaagMiyanMalhar
Shree,3969659,Kaustuv Kanti Ganguli,Vocal,Madhya|Vilambit,Ektaal|Jhaptaal|Teentaal,Chaitanya Joshi|Siddhesh Bicholkar|Prasad Padhye,Violin|Harmonium|Tabla,Khyal,KaustuvKantiGanguliRaagShree
Lalit Pancham,2040046,Kaustuv Kanti Ganguli,Vocal,Vilambit,Teentaal|Teentaal,Chaitanya Joshi|Siddhesh Bicholkar|Prasad Padhye,Violin|Harmonium|Tabla,Khyal,KaustuvKantiGanguliRaagLalitPancham
Marwa,392652,Kaustuv Kanti Ganguli,Vocal,,,,,Khyal,KaustuvKantiGanguliRaagMarwa
Bilaskhani Todi,411879,Kaustuv Kanti Ganguli,Vocal,,,,,Khyal,KaustuvKantiGanguliRaagBilaskhaniTodi
Lalit,378102,Kaustuv Kanti Ganguli,Vocal,,,,,Khyal,KaustuvKantiGanguliRaagLalit
Yaman,351144,Kaustuv Kanti Ganguli,Vocal,,,,,Khyal,KaustuvKantiGanguliRaagYaman
Desh,386885,Kaustuv Kanti Ganguli,Vocal,,,,,Khyal,KaustuvKantiGanguliRaagDesh
Ahir Bhairav,405,Kaviraj Dhadyalla,Santoor,Drut,Teentaal,Upneet Dhadyalla,Tabla,,MorningBlissKavirajDhadyallaRaagAhirBhairav
Gunkali,1641,Kedar Bodas,Vocal,Vilambit,,Leeladhar Chakradev|Dattatray Bhave,Harmonium|Tabla,Khyal,RaagGunkaliPanditKedarBodasGwaliorKhayalMusicofIndia
Gauri,630,Kedar Bodas,Vocal,Vilambit,Teentaal,Leeladhar Chakradev|Dattatray Bhave,Harmonium|Tabla,Khyal,PanditKedarBodasRaagGauriGwaliorKhayalvocalMusicofIndia
Gorakh Kalyan,616,Ken Zuckerman,Sarod,Madhya|Drut,Roopak|Teentaal,Surdarshan Chana,Tabla,Khyal,RaagGorakhKalyanKenZuckermanSurdarshanChanaSarodTabla
Chandranandan,693,Ken Zuckerman,Sarod,Vilambit,Teentaal,Surdarshan Chana,Tabla,Khyal,KenZuckermanSurdarshanChanaRaagChandranandanSarodTabla
Multani,371,Kumar Mardur,Vocal,Vilambit,,,,Khyal,RaagMultaniKumarMardurKiranaKhayalMusicofIndia
Gaud Sarang,425,Kumar Mardur,Vocal,Vilambit,,,,Khyal,RaagGaudSarangKumarMardurKiranaKhayalMusicofIndia
Bhimpalasi,361,Kushal Das,Sitar,Vilambit,Teentaal,Satyajit Talwalkar,Tabla,Khyal,SublimeRaagBhimpalasiPartThreePanditKushalDasSatyajitTalwalkarSitarMusicofIndia
Parameshwari,587,Kushal Das,Sitar,Vilambit,,,,Alap,PanditKushalDasRaagParmeshwariMusicofIndia
Jaunpuri,662,Kushal Das,Sitar,Vilambit|Drut,,,,Jor|Jhala,RaagJaunpuriSitarRecitalKushalDasMusicofIndia
Bhimpalasi,438,Kushal Das,Sitar,Vilambit,Teentaal,Satyajit Talwalkar,Tabla,Khyal,SublimeRaagBhimpalasiPartTwoPanditKushalDasSatyajitTalwalkarSitarMusicofIndia
Bhimpalasi,312,Kushal Das,Sitar,Drut,Teentaal,Satyajit Talwalkar,Tabla,Khyal,SublimeRaagBhimpalasiPanditKushalDasSatyajitTalwalkarSitarTablaMusicofIndia
Jaunpuri,632,Kushal Das,Sitar,Vilambit,,,,,RaagJaunpuriPanditKushalDasSitarSolo
Jog,1171,Kushal Das,Surbahar,Vilambit|Drut,,,,Alap|Jhala,RaagJogontheSurbaharPanditKushalDasMusicofIndia
Vachaspati,597,Kushal Das|Shashank Subramanyam,Sitar|Flute,Vilambit|Drut,,,,Jor|Jhala,BlissfulRagaVachaspatiPanditKushalDasShashankSubramanyamMusicofIndia
Kedar,302,Manjiri Asnare-Kelkar,Vocal,Vilambit,,,,Khyal,RaagKedarManjiriAsanareKelkarEarlyNightVR
Gawati,728,Manjiri Asnare-Kelkar,Vocal,Vilambit,,,,Khyal,RaagGawatiManjiriAsanareKelkarAfternoonRagasDarbarVR
Bhimpalasi,667,Manjiri Asnare-Kelkar,Vocal,Vilambit,,,,Khyal,BlissfulAfternoonRaagBhimpalasiManjiriAsanareKelkarDarbarVR
Gujri Todi,740,Manjiri Asnare-Kelkar,Vocal,Vilambit,,,,Khyal,RaagGujriTodiManjiriAsanareKelkarMorningDarbarVR
Kafi,640,Manjiri Asnare-Kelkar,Vocal,Madhya,Addha,Gurdain Rayatt|Chinmay Kolhatkar,Tabla|Harmonium,Tappa,TappainRaagKafiManjiriAsnareKelkarMusicofIndia
Raisa Kanada,511,Manjiri Asnare-Kelkar,Vocal,Vilambit,Teentaal,Vishwanath Shirodkar|Tanmay Deochake,Tabla|Harmonium,Khyal,EnchantingRaagRaisaKanadaManjiriAsnareKelkarJaipurAtrauliKhayalMusicofIndia
Bageshree,1935,Manjusha Kulkarni-Patil,Vocal,Vilambit,Ektaal,Gurdain Rayatt|Milind Kulkarni,Tabla|Harmonium,Khyal,IncredibleKhayalRaagBageshriManjushaKulkarniPatilMusicofIndia
Ramkali,289,Manjusha Kulkarni-Patil,Vocal,Vilambit,Ektaal,Akram Khan|Tanmay Deochake,Tabla|Harmonium,Khyal,RaagRamkaliPartTwoManjushaKulkarniPatilMusicofIndia
Ramkali,340,Manjusha Kulkarni-Patil,Vocal,Madhya,Teentaal,Akram Khan|Tanmay Deochake,Tabla|Harmonium,Khyal,MorningRaagRamkaliManjushaKulkarniPatilSublimeKhayalMusicofIndia
Shree,668,Manjusha Kulkarni-Patil,Vocal,Vilambit,,,,Khyal,RaagShreeatSunsetManjushaPatilMagicoftheTantriksDarbarVR
Bibhas,659,Manjusha Kulkarni-Patil,Vocal,Vilambit,,,,Khyal,MorningMeditationwithRaagBhibasManjushaPatilDarbarVR
Bhairavi,972,Manjusha Kulkarni-Patil,Vocal,Vilambit,,,,Khyal|Tarana,SunriseRaagBhairaviManjushaPatilIndianClassicalMusicVR
Multani,613,Manjusha Kulkarni-Patil,Vocal,Vilambit,,,,Khyal,RaagMultaniManjushaPatilAfternoonDarbarVR
Charukeshi,407,Manu Seen,Sitar,Vilambit,,,,Alap,RaagCharukeshiManuSeenMusicofIndia
Multani,199,Meeta Pandit,Vocal,Vilambit,,,,Khyal,MesmerisingRaagMultaniMeetaPanditKhayalVocalIndianClassicalMusic
Bhairavi,440,Mehboob Nadeem,Sitar,Drut,Teentaal,Harkiret Bahra,Tabla,Khyal,DrutRaagBhairaviMehboobNadeemSitarMusicofIndia
Jansammohini,1270,Milind Kulkarni,Harmonium,Vilambit|Drut,,,,Jor|Jhala,BeautifulRareHarmoniumSoloMilindKulkarniRaagJanasammohiniMusicofIndia
Sohini,87614,Milind Malshe,Vocal,,,Sunil Ratnaparakhi|Chinmay Kothekar,Tabla|Harmonium,,MilindMalsheRaagSohani
Khat Todi,1274801,Milind Malshe,Vocal,,,Sunil Ratnaparakhi|Chinmay Kothekar,Tabla|Harmonium,,MilindMalsheRaagKhatTodi
Jait Kalyan,1468029,Milind Malshe,Vocal,,,Sunil Ratnaparakhi|Chinmay Kothekar,Tabla|Harmonium,,MilindMalsheRaagJaitKalyan
Basanti Kedar,1001351,Milind Malshe,Vocal,,,Sunil Ratnaparakhi|Chinmay Kothekar,Tabla|Harmonium,,MilindMalsheRaagBasantiKedar
Lalita Gauri,991059,Milind Malshe,Vocal,,,Sunil Ratnaparakhi|Chinmay Kothekar,Tabla|Harmonium,,MilindMalsheRaagLalitaGauri
Nat Kamod,546586,Milind Malshe,Vocal,,,Sunil Ratnaparakhi|Chinmay Kothekar,Harmonium|Tabla,,MilindMalsheRaagNatKamod
Hindol Pancham,727562,Milind Malshe,Vocal,,,Sunil Ratnaparakhi|Chinmay Kothekar,Tabla|Harmonium,,MilindMalsheRaagHindolPancham
Triveni,1508675,Milind Malshe,Vocal,,,Sunil Ratnaparakhi|Chinmay Kothekar,Tabla|Harmonium,,MilindMalsheRaagTriveni
Jogiya,416888,Milind Malshe,Vocal,,,Sunil Ratnaparakhi|Chinmay Kothekar,Harmonium|Tabla,,MilindMalsheRaagJogiya
Raag Khokar,824868,Milind Malshe,Vocal,,,Sunil Ratnaparakhi|Chinmay Kothekar,Tabla|Harmonium,,MilindMalsheRaagKhokar
Suha Kanada,971232,Milind Malshe,Vocal,,,Sunil Ratnaparakhi|Chinmay Kothekar,Tabla|Harmonium,,MilindMalsheRaagSoohaKanada
Dagori,639791,Milind Malshe,Vocal,,,Sunil Ratnaparakhi|Chinmay Kothekar,Tabla|Harmonium,Khyal,MilindMalsheRaagDagoriDeepki
Komal Rishabh Asavari,1429159,Milind Malshe,Vocal,,,Sunil Ratnaparakhi|Chinmay Kothekar,Tabla|Harmonium,,MilindMalsheRaagKomalRishavAasavari
Bhatiyar,967,Mita Nag,Sitar,Vilambit|Drut,,,,Jor|Jhala,BeautifulMorningRaagBhatiyarMitaNagSoloSitarMusicofIndia
Miyan Ki Malhar,327,Mita Nag,Sitar,Drut,Teentaal,Satyajit Talwalkar,Tabla,Khyal,SitarTranceRaagMiyanKiMalharMitaNagMusicofIndia
Suha Kanada,656,Mita Nag,Sitar,Vilambit|Drut,,,,Jor|Jhala,MesmerisingSitarMitaNagRaagSuhaKanada
Miyan Ki Malhar,495,Mita Nag,Sitar,Vilambit,,,,Alap,MeditativeSublimeSitarMitaNagRaagMiyanKiMalharMusicofIndia
Bhimpalasi,616,Momin Khan|Sabir Khan,Sarangi,Vilambit,Ektaal,Soumen Nandy,Tabla,Khyal,MeditativeRaagBhimpalasiMominandSabirKhanMusicofIndia
Bhimpalasi,477,Niladri Kumar,Sitar,Madhya,Dhamar,Subhankar Banerjee,Tabla,Khyal,RaagBhimpalasiNiladriKumarPanditSubhankarBanerjeeSitarTablaMusicofIndia
Shree,555,Niladri Kumar,Sitar,Vilambit|Drut,,,,Jor|Jhala,GeniusofNiladriKumarRaagShreeMusicofIndia
Mishra Kafi,250,Niladri Kumar,Sitar,Vilambit,,,,Alap,RaagMishraKafiNiladriKumarSitarSoloMusicofIndia
Bhairavi,483,Niladri Kumar,Sitar,Vilambit|Madhya,Kehrawa,Subhankar Banerjee,Tabla,Khyal,RaagBhairaviNiladriKumarPanditSubhankarBanerjeeSitarTablaMusicofIndia
Bhairavi,110,Nina Burmi,Vocal,Vilambit,Ektaal,Sanju Sahai|Ramesh Mishra,Tabla|Sarangi,Khyal,NinaBurmiCompositioninRaagBhairaviMusicofIndia
Ahir Bhairav,288,Nina Burmi,Vocal,Vilambit,Ektaal,Sanju Sahai|Ramesh Mishra,Tabla|Sarangi,Khyal,RaagAhirBhairavNinaBurmiMusicofIndia
Adbhut Kalyan,625,Nirmalya Dey,Vocal,,,Sukhad Munde,Pakhawaj,Dhrupad,ColoursofDhrupadPanditNirmalyaDeyRaagAdbhutKalyanMusicofIndia
Darbari,328,Nishat Khan,Sitar,Drut,,,,Jor|Jhala,RaagDarbariKanadaNishatKhanMusicofIndia
Mishra Kafi,390,Nityanand Haldipur,Flute,Vilambit,,,,Alap,RaagMishraKafiPanditNityanandHaldipurBansuriMusicofIndia
Gaud Malhar,1555095,Omkar Dadarkar,Vocal,Madhya|Vilambit,Teentaal|Tilwada,,,Khyal,OmkarDadarkarRaagGaudMalhar
Yaman,1081678,Omkar Dadarkar,Vocal,Madhya,Teentaal,,,Khyal,OmkarDadarkarRaagYaman
Bibhas,849554,Omkar Dadarkar,Vocal,Madhya,Teentaal,Javed Khan|Jyoti Goho|Ashoke Mukherjee,Sarangi|Harmonium|Tabla,Khyal,OmkarDadarkarRaagBibhas
Bhoop,3346625,Omkar Dadarkar,Vocal,Vilambit,Ektaal|Teentaal,Sandip Ghosh|Rupashree Bhattacharya,Tabla|Harmonium,Khyal,OmkarDadarkarRaagBhoopali
Marwa,1937815,Omkar Dadarkar,Vocal,Madhya|Vilambit,Teentaal|Tilwada,Samar Saha|Jyoti Goho,Tabla|Harmonium,Khyal,OmkarDadarkarRaagMarwa
Bihag,2517054,Omkar Dadarkar,Vocal,Vilambit,Teentaal|Teentaal|Tilwada,,,Tarana|Khyal,OmkarDadarkarRaagBihag
Shree,2250344,Omkar Dadarkar,Vocal,Madhya|Vilambit,Teentaal|Tilwada,Rupashree Bhattacharya|Gopal Mishra,Harmonium|Tabla,Khyal,OmkarDadarkarRaagShree
Bahar,1670191,Omkar Dadarkar,Vocal,Vilambit,Ektaal|Teentaal|Tilwada,Sanjoy Adhikary|Jyoti Goho,Harmonium|Tabla,Khyal,OmkarDadarkarRaagBahar
Ahir Bhairav,2365152,Omkar Dadarkar,Vocal,Madhya|Vilambit,Ektaal|Tilwada,,,Khyal,OmkarDadarkarRaagAhirBhairon
Multani,2527503,Omkar Dadarkar,Vocal,Vilambit,Teentaal|Teentaal,Jyoti Goho|Ashoke Mukherjee,Harmonium|Tabla,Khyal,OmkarDadarkarRaagMultani
Todi,1056182,Omkar Dadarkar,Vocal,Madhya,Teentaal|Teentaal,,,Khyal,OmkarDadarkarRaagTodi
Bhimpalasi,1617946,Omkar Dadarkar,Vocal,Madhya,Jhaptaal|Teentaal,,,Khyal,OmkarDadarkarRaagBhimpalasi
Bhairavi,601547,Omkar Dadarkar,Vocal,,Dadra,,,Dadra,OmkarDadarkarBhairaviDadra
Gawati,1645557,Omkar Dadarkar,Vocal,Madhya,Roopak|Teentaal,Sandip Ghosh|Rupashree Bhattacharya,Tabla|Harmonium,Khyal,OmkarDadarkarRaagGavti
Lalit,2445400,Omkar Dadarkar,Vocal,Madhya,Jhaptaal|Teentaal,Javed Khan|Jyoti Goho|Ashoke Mukherjee,Sarangi|Harmonium|Tabla,Tarana|Khyal,OmkarDadarkarRaagLalit
Jogkauns,274,Omkar Dadarkar,Vocal,Drut,Teentaal,Shahbaz Hussain|Tanmay Deochake,Tabla|Harmonium,Khyal,SpellbindingGwaliorKhayalOmkarDadarkarRaagJogkaunsMusicofIndia
Patdeep,645,Omkar Dadarkar,Vocal,Vilambit,,,,Khyal,HoriKhelatBaharRaagPatdeepOmkarDadarkarMusicofIndia
Ramkali,1080,Omkar Dadarkar,Vocal,Vilambit,,,,,RelaxingRaagRamkaliOmkarDadarkarSoloKhayalMusicofIndia
Puriya Dhanashree,457,Parveen Sultana,Vocal,Vilambit,Ektaal,Mukundraj Deo|Tanmay Deochake,Tabla|Harmonium,Khyal,GeniusofBegumParveenSultanaRaagPuriyaDhanashreeMusicofIndia
Maluha Maand,710,Parveen Sultana,Vocal,Vilambit|Drut,Teentaal,Partha Sarathi Mukherjee|Chiranjib Chakraborty,Tabla|Harmonium,Tarana,RaagMaluhaMaandParveenSultanaMusicofIndia
Hansadhwani,459,Parveen Sultana,Vocal,Vilambit,,Tanmay Deochake,Harmonium,Alap,EchoesofKhayalBegumParveenSultanaRaagHansadhwaniAlapMusicofIndia
Hansadhwani,653,Parveen Sultana,Vocal,Vilambit|Drut,Teentaal,Partha Sarathi Mukherjee|Chiranjib Chakraborty,Tabla|Harmonium,Alap|Tarana,RaagHamsadhwaniParveenSultanaMusicofIndia
Jog,245,Pelva Naik,Vocal,Vilambit,,,,Dhrupad,WhosaidDhrupadisboringCheckoutRaagJogbyPelvaNaikDhrupadIndianClassicalMusic
Maru,640,Pelva Naik,Vocal,Vilambit,,,,Khyal,DagarvaniRaagMaruPelvaNaikDhrupadVocalMusicofIndia
Komal Rishabh Asavari,792,Pelva Naik,Vocal,Vilambit,,,,Dhrupad,RaagKomalRishabhAsavariPelvaNaikMorningDhrupadDarbarVR
Poorvi,608,Pelva Naik,Vocal,Vilambit,,,,Dhrupad,MeditativeSoundsofWaterandDhrupadPelvaNaikRaagPoorviDarbarVR
Hemant,379,Praashekh Borkar|Abhishek Borkar,Sarod|Sarod,Drut,Teentaal,Parimal Chakrabarty,Tabla,Khyal,ScintillatingSarodDuetPraashekhAbhishekBorkarRaagHemant
Shyam Kalyan,350,Prabha Atre,Vocal,Vilambit,Ektaal,Sanju Sahai|Bharat Bhushan Goswami|Ajay Joglekar,Tabla|Sarangi|Harmonium,Khyal,RaagShyamKalyanDrPrabhaAtreKiranaKhayalMusicofIndia
Madhuvanti,721,Pratik Shrivastava,Sarod,Vilambit,,,,Khyal|Jhala,RaagMadhuvantiHoneyPratikShrivastavaLateAfternoonDarbarVR
Patdeep,288,Prattyush Banerjee,Sarod,Madhya,Teentaal,Sanju Sahai,Tabla,Khyal,MesmericSarodRaagPatdeepPtPanditsPrattyushBanerjeeSanjuSahaiMusicofIndia
Patdeep,456,Prattyush Banerjee,Sarod,Vilambit,,,,Jor|Jhala,MesmericSarodRaagPatdeepPtJorJhallaPanditPrattyushBanerjeeMusicofIndia
Yaman,984,Pravin Godkhindi,Flute,Drut,Teentaal,Subhankar Banerjee,Tabla,Khyal,PravinGodkhindiRaagYamanBansuriatRavennaFestivalMusicofIndia
Jog,759,Pravin Godkhindi,Flute,Vilambit,Roopak,Supreet Deshpande,Tabla,Khyal,RaagJogPravinGodkhindiFlute
Madhuvanti,360,Pravin Godkhindi,Flute,Vilambit,,,,Khyal,VividRaagMadhuvantiPanditPravinGodkhindiMusicofIndia
Jog,319,Pravin Godkhindi,Flute,Drut,Teentaal,Supreet Deshpande,Tabla,Jhala,AweinspiringRaagJogPravinGodkhindiSupreetDeshpandeBansuriTablaMusicofIndia
Bhimpalasi,497,Prem Kumar Mallick|Prashant Mallick,Vocal|Vocal,Madhya,Choutaal,Ravi Shankar Upadhyay,Pakhawaj,Dhrupad,RaagBhimpalasiPanditPremKumarMallickMusicofIndia
Abhogi Kanada,476,Prem Kumar Mallick|Prashant Mallick,Vocal,Drut,,,,Dhrupad,FastSideofDhrupadPremkumarPrashantMallickRaagAbhogiKanadaMusicofIndia
Miyan Ki Malhar,755,Purbayan Chatterjee,Sitar,Vilambit,,,,Alap,RaagMiyanKiMalharPurbayanChatterjeeMusicofIndia
Shankara,629,Purbayan Chatterjee,Sitar,Vilambit|Drut,,,,Jor|Jhala,RaagShankaraFavouriteofShivaPurbayanChatterjeeDarbarVR
Shree,630,Purbayan Chatterjee,Sitar,Vilambit,,,,Jor|Jhala,RaagShreeSunsetPurbayanChatterjeeDarbarVR
Lalit,540,Purbayan Chatterjee,Sitar,Vilambit|Drut,,,,Jor|Jhala,RaagLalitPurbayanChatterjeeSunriseDarbarVR
Kirwani,597,Purbayan Chatterjee|Shashank Subramanyam,Sitar|Flute,Vilambit|Drut,,,,Alap,TheBestIndianMusicVRVideoRaagKirwaniPurbayanChatterjeeShashankSubramanyam
Nat Bhairav,392,Purbayan Chatterjee|Shashank Subramanyam,Sitar|Flute,Vilambit|Drut,,,,Alap|Jor,AmazingIndianMusicPurbayanChatterjeeShashankSubramanyanRaagSarasangi
Megh,320,Rajan Mishra|Sajan Mishra,Vocal|Vocal,Madhya,Roopak,Kumar Bose,Tabla,Khyal,MonsoonKhayalRaagMeghPanditsRajanSajanBenaresGharanaMusicofIndia
Madhuvanti,348,Rajendra Prasanna,Shehnai,Vilambit,Ektaal,Sanju Sahai|Chinmay Kolhatkar,Tabla|Harmonium,Khyal,RomanticMusicofVaranasiPanditRajendraPrasannaRaagMadhuvanti
Bhairavi,313,Rajendra Prasanna,Flute,Vilambit,,Rishab Prasanna,Flute,Alap,SublimeSunriseFluteRaagBhairaviPanditRajendraPrasannaBenaresGharanaMusicofIndia
Kafi,216,Rajhesh Vaidhya,Electrified Veena,Drut,Keherwa,HS Sudhindra|Satyajit Talwalkar,Mridangam|Tabla,Jor|Jhala,RaagKafiEspressoElectrifiedVeenaRajheshVaidhyaMusicofIndia
Dipawati,314,Rajrupa Chowdhury,Sarod,Drut,,,,,RaagDipawatiRajrupaChowdhuryMusicofIndia
Dipawati,60,Rajrupa Chowdhury,Sarod,Madhya,Teentaal,Yashvant Vaishnav,Tabla,Khyal,SarodMaestraplaysRaagDipawatiRajrupaChowdhuryMusicofIndia
Jog,680,Rakesh Chaurasia,Flute,Madhya,Matt,Anindo Chatterjee,Tabla,Khyal,RaagJogRakeshChaurasiaPanditAnindoChatterjeeBansuriandTabla
Jog,289,Rakesh Chaurasia,Flute,Drut,,,,Jor|Jhala,RakeshChaurasiaJorJhallainRaagJogBansuriMusicofIndia
Yaman,381,Ram Deshpande,Vocal,Vilambit,Tilwada,Vishwanath Shirodkar|Tanmay Deochake|Murad Ali,Tabla|Harmonium|Sarangi,Khyal,GeniusofPanditRamDeshpandeRaagYamanKalyanMusicofIndia
Shuddha Kalyan,620,Ramkumar Mallick| Samit Mallick,Vocal,Vilambit,,,,Dhrupad,RaagBhoopKalyanRamKumarandSamitMallickMusicofIndia
Lalit,550,Ramkumar Mallick|Samit Mallick,Vocal,Vilambit,Chautaal,Sudarshan Chana,Jori,Dhrupad,RaagLalitPanditRamKumarMallickandSamitMallickMusicofIndia
Madhuvanti,404,Ramakant Gaikwad,Vocal,Vilambit,,,,Alap,RamakantGaikwadRaagMadhuvantiKiranaandPatialagharanas
Bageshree,317,Ramakant Gaikwad,Vocal,Madhya,Jhaptaal,Ramkrishna Karambelkar|Abhinay Laxmikant Ravonde,Tabla|Harmonium,Khyal,RaagBageshreeintheMaharashtraDesertRamakantGaikwadPatialaKhayal
Multani,238,Ramkumar Mallick|Samit Mallick,Vocal,Vilambit,,,,Dhrupad,RaagMultaniDhrupadPanditRamkumarMallickandSamitMallickDarbhangagharana
Bhimpalasi,334,Ramkumar Mallick|Samit Mallick,Vocal,Vilambit,,,,Dhrupad,RaagBhimpalasiRamkumarSamitMallickDarbhangaDhrupadMusicofIndia
Bhoopeshwari,735,Ronu Majumdar,Flute,Vilambit,,,,Alap,AlapinRaagBhoopeshwariPanditRonuMajumdarBansuriMusicofIndia
Parameshwari,293,Ronu Majumdar,Flute,Madhya,Teentaal,Sukhvinder Singh,,Khyal,MorningRaagParameshwariPtRonuMajumdarSukhvinderSinghBansuriTablaMusicofIndia
Bhoopkali,670,Ronu Majumdar,Flute,Vilambit,,,,Alap,RaagBhoopkaliPanditRonuMajumdarFlute
Sohini,559,Roopa Panesar,Sitar,Madhya,Addha,Shahbaz Hussain,Tabla,Khyal,RoopaPanesarShahbazHussainRaagSohiniSitarTabla
Puriya,625,Roopa Panesar,Sitar,Vilambit|Drut,,,,Jor|Jhala,RoopaPanesarRaagPuriyaSitar
Puriya,589,Roopa Panesar,Sitar|Tabla,Drut,Teentaal,Sukhvinder Singh Pinky,,Khyal,RoopaPanesarSukhvinderSinghPinkySitarTablaRaagPuriya
Puriya,255,Roopa Panesar,Sitar,Drut,,,,Jhala,AmazingSitarRoopaPanesarRaagPuriyaJhallaMusicofIndia
Puriya,295,Roopa Panesar,Sitar,Drut,Teentaal,Sukhwinder Singh ‘Pinky’,Tabla,Khyal,BrilliantSitarRoopaPanesarRaagPuriyaGatMusicofIndia
Kaunsi Kanada,202,Roopa Panesar,Sitar,Vilambit|Drut,,,,Jor|Jhala,RaagKaunsiKanadaRoopaPanesarSoloSitarMusicofIndia
Miyan Ki Malhar,729,Roopa Panesar,Sitar,Madhya,Teentaal,Shahbaz Hussain,Tabla,Khyal,RoopaPanesarShahbazHussainRaagMiyanKiMalharSitarTabla
Miyan Ki Malhar,442,Roopa Panesar,Sitar,Drut,Teentaal,Shahbaz Hussain,Tabla,Khyal,RoopaPanesarShahbazHussainRaagMiyanKiMalharSitarTablaPart
Nand Kauns,59,Roopa Panesar,Sitar,Drut,,,,Jhala,RaagNandKaunsRoopaPanesarMusicofIndia
Vrindavani Sarang,686,Rupak Kulkarni,Flute,Vilambit,,,,Khyal,BestMeditationFluteRaagBrindabaniSarangPanditRupakKulkarniDarbarVR
Bhimpalasi,662,Rupak Kulkarni,Flute,Vilambit,,,,Alap,MeditativeAlaapinRaagBhimpalasiRupakKulkarniMusicofIndia
Malay Marutam,664,Rupak Kulkarni,Flute,Vilambit,,,,Alap,MeditativeIndianFlutePanditRupakKulkarniRaagMalayMarutamDarbarVR
Jog,518,Rupak Kulkarni,Flute|Tabla,Drut,Teentaal,Ojas Adhiya,,Khyal,RoaringBansuriTablaPanditRupakKulkarniOjasAdhiyaRaagJogMusicofIndia
Bhairavi,393,Rupak Kulkarni,Flute,Vilambit,,,,Alap,MeditativeRaagBhairaviPanditRupakKulkarniDawnDarbarVR
Bhairav,643,Rupak Kulkarni,Flute,Vilambit,,,,Alap,BestFluteMeditationRaagBhairavRupakKulkarniDarbarVR
Marwa,482,Rupak Kulkarni,Flute,Vilambit,,,,Alap,SunsetRaagMarwaAlapontheBansuriPanditRupakKulkarniMusicofIndia
Jog,60,Sabir Sultan Khan,Sarangi,Drut,Teentaal,Aneesh Pradhan,Tabla,Khyal,RaagJogSabirSultanKhanMusicofIndia
Piloo,393,Sahana Banerjee,Sitar,Vilambit,,,,Jor,EndearingRaagPilooSahanaBanerjeeSoloSitarMusicofIndia
Hameer,1131576,Sameehan Kashalkar,Vocal,Vilambit,Teentaal|Teentaal,Sanjoy Adhikary|Jyoti Goho,Tabla|Harmonium,Khyal,SameehanKashalkarRaagHameer
Bhoop,3022381,Sameehan Kashalkar,Vocal,,,Sanjoy Adhikary|Jyoti Goho,Tabla|Harmonium,,SameehanKashalkarRaagBhoopali
Paraj,913437,Sameehan Kashalkar,Vocal,,,Sanjoy Adhikary|Jyoti Goho,Harmonium|Tabla,,SameehanKashalkarRaagParaj
Marwa,2039736,Sameehan Kashalkar,Vocal,,Ektaal|Tilwada,Sanjoy Adhikary|Jyoti Goho,Tabla|Harmonium,,SameehanKashalkarRaagMarwa
Poorva,2945189,Sameehan Kashalkar,Vocal,,,Sanjoy Adhikary|Jyoti Goho,Harmonium|Tabla,,SameehanKashalkarRaagPoorva
Sohini,678205,Sameehan Kashalkar,Vocal,,,Sanjoy Adhikary|Jyoti Goho,Tabla|Harmonium,,SameehanKashalkarRaagSohani
Kedar,2622864,Sameehan Kashalkar,Vocal,,,Sanjoy Adhikary|Jyoti Goho,Tabla|Harmonium,,SameehanKashalkarRaagKedar
Miyan Ki Malhar,952151,Sameehan Kashalkar,Vocal,,,Sanjoy Adhikary|Jyoti Goho,Tabla|Harmonium,,SameehanKashalkarRaagGaudMalhar
Puriya Dhanashree,1007,Sanskrati Wahane|Prakrati Wahane,Sitar|Santoor,Drut,Teentaal,Yashwant Vaishnav,Tabla,Khyal,RaagPuriyaDhanashreeSanskratiPrakratiWahaneMusicofIndia
Puriya Dhanashree,45,Sanskrati Wahane|Prakrati Wahane,Sitar|Santoor,Madhya,Teentaal,Yashwant Vaishnav,Tabla,Khyal,RaagPuriyaDhanashreeWahaneSistersMusicofIndia
Kalyan,2032000,Satyasheel Deshpande,Vocal,,Jhoomra|Teentaal|Teentaal,,,Khyal,SatyasheelDeshpandeRaagKalyan
Malkauns,2318264,Satyasheel Deshpande,Vocal,Madhya|Vilambit,Jhaptaal|Teentaal|Teentaal,,,Khyal,SatyasheelDeshpandeRaagMalkauns
Bhairavi,898436,Satyasheel Deshpande,Vocal,Madhya|Madhya,Keherwa|Roopak,Makarand Kundale|Aravind Kadgaokar,Harmonium|Tabla,Bhajan,SatyasheelDeshpandeBhairaviBhajan
Majh Khamaj,323463,Satyasheel Deshpande,Vocal,Madhya,,,,Thumri,SatyasheelDeshpandeMajhKhamajThumri
Chandrakauns,238984,Satyasheel Deshpande,Vocal,Madhya,Teentaal,,,Khyal,SatyasheelDeshpandeRaagChandrakauns
Miyan Ki Malhar,2848026,Satyasheel Deshpande,Vocal,Madhya|Vilambit,Ektaal|Ektaal|Ektaal,Makarand Kundale|Aravind Kadgaokar,Harmonium|Tabla,Khyal,SatyasheelDeshpandeRaagMianMalhar
Bhimpalasi,2006000,Satyasheel Deshpande,Vocal,Madhya|Vilambit,Ektaal|Teentaal|Teentaal,Milind Pote,Tabla,Tarana|Khyal,SatyasheelDeshpandeRaagBhimpalasi
Bageshree,2293130,Satyasheel Deshpande,Vocal,Madhya|Vilambit,Ektaal|Ektaal|Teentaal,Makarand Kundale|Aravind Kadgaokar,Harmonium|Tabla,Tarana|Khyal,SatyasheelDeshpandeRaagBageshree
Ramdasi Malhar,674462,Satyasheel Deshpande,Vocal,Madhya,Teentaal|Teentaal,Makarand Kundale|Aravind Kadgaokar,Harmonium|Tabla,Khyal,SatyasheelDeshpandeRaagRamdasiMalhar
Dhani,848237,Satyasheel Deshpande,Vocal,Madhya,Ektaal|Teentaal,,,Khyal,SatyasheelDeshpandeRaagDhani
Piloo,609,Shahid Parvez,Sitar,Vilambit,,,,Alap,RomanceofRaagPilooUstadShahidParvezMusicofIndia
Yaman,582,Shahid Parvez,Sitar|Tabla,Drut|Madhya,Teentaal,Ojas Adhiya,Tabla,Jhala|Khyal,DivineLayakariRaagYamanUstadShahidParvezOjasAdhiyaMusicofIndia
Yaman,317,Shahid Parvez,Sitar,Drut,,,,Jor|Jhala,GloriousSitarJhallaUstadShahidParvezRaagYamanMusicofIndia
Darbari,98,Shakir Khan,Sitar,Drut,Teentaal,Surdarshan Chana,Tabla,Khyal,RaagDarbariShakirKhanSurdarshanChanaMusicofIndia
Nayaki Kanada,190,Shashwati Mandal Paul,Vocal,Vilambit,,,,Alap,RaagNayakiKanadaAlapShashwatiMandalPaulMusicofIndia
Jog,480,Shivkumar Sharma,Santoor,Madhya,Roopak,Anindo Chatterjee,Tabla,Khyal,SparklingRaagJogPartTwoPtShivkumarSharmaPtAnindoChatterjeeSantoorTabla
Jog,268,Shivkumar Sharma,Santoor,Madhya,Teentaal,Anindo Chatterjee,Tabla,Khyal,SparklingRaagJogPartThreePtShivkumarSharmaPtAnindoChatterjeeSantoorTabla
Todi,4265000,Shivputra Shidhharamayya Komkali 'Kumar Gandharva',Vocal,,Ektaal|Teentaal,,,,KumarGandharvaRaagTodi
Kalingda,787000,Shivputra Shidhharamayya Komkali 'Kumar Gandharva',Vocal,,,,,,KumarGandharvaNirgunBhajan
Lagan Gandhar,2953000,Shivputra Shidhharamayya Komkali 'Kumar Gandharva',Vocal,Vilambit,Ektaal|Teentaal,,,Khyal,KumarGandharvaRaagLaganGandhar
Bhairav,1457632,Shivputra Shidhharamayya Komkali 'Kumar Gandharva',Vocal,,Ektaal|Jhaptaal,,,Khyal,KumarGandharvaRaagBhairav
Dhani,2048626,Shivputra Shidhharamayya Komkali 'Kumar Gandharva',Vocal,Madhya,,,,Khyal,KumarGandharvaRaagDhani
Kaunsi Kanada,658,Shruti Sadolikar,Vocal,Vilambit,Teentaal,Vishwanath Shirodker|Murad Ali|Tanmay Deochake,Tabla|Sarangi|Harmonium,Khyal,RaagKaunsiKanadaShrutiSadolikarJaipurAtrauliGharana
Savani Nat,760,Shruti Sadolikar,Vocal,Vilambit,Teentaal,Vishwanath Shirodker|Murad Ali|Tanmay Deochake,Tabla|Sarangi|Harmonium,Khyal,RaagSavaniNatShrutiSadolikarKatkar
Bhimpalasi,607,Shubha Mudgal,Vocal,Madhya,Teentaal,Aneesh Pradhan|Sudhir Nayak,Tabla|Harmonium,Khyal,BrillianceofShubhaMudgalRaagBhimpalasiKhayalVocalMusicofIndia
Nand,799,Budhaditya Mukherjee,Sitar,Vilambit,Teentaal,Soumen Nandy,Tabla,Khyal,FantasticRaagNandBudhadityaMukherjeeSitarTablaMusicofIndia
Desh,389,Soumik Datta,Sarod,Drut,,,,,DexterousDeshSoumikDattaRaagDeshSoloSarodMusicofIndia
Gorakh Kalyan,652,Soumik Datta,Sarod,Madhya|Drut,Teentaal,Sukhvinder Singh ‘Pinky’,Tabla,Khyal,RaagGorakhKalyanSoumikDattaSukhvinderSinghPinkySarodTablaMusicofIndia
Durga,601,Soumik Datta,Sarod,Vilambit|Drut,,,,Jor|Jhala,DivineRaagDurgaSoumikDattaSarodJorJhallaMusicofIndia
Kaunsi Kanada,558,Soumik Datta,Sarod,Madhya,Teentaal,Gurdain Rayatt,Tabla,Khyal,RaagKaunsiKanadaSoumikDattaGurdainRayattSarodTablaMusicofIndia
Kedar,632,Suchismita Das,Vocal,Vilambit,,,,Khyal,MesmerisingRaagKedarSuchismitaDasPatialaKhayalMusicofIndia
Alhaiya Bilawal,496,Swapan Chaudhuri,Sitar,Madhya,Teentaal,Swapan Chaudhuri,Tabla,Khyal,RaagAlhaiyaBilawalUstadShujaatKhanPanditSwapanChaudhuriSitarTablaMusicofIndia
Jaunpuri,412,Tarun Jasani,Sarod,Drut,Teentaal,Gurdain Rayatt,Tabla,Khyal,EvocativeRaagJaunpuriGatTarunJasaniGurdainRayattMusicofIndia
Tilak Kamod,702,Tejendra Majumdar,Sarod,Madhya,Teentaal,Kumar Bose,Tabla,Khyal,RaagTilakKamodPanditTejendraMajumdarPanditKumarBoseSarodTabla
Darbari,658,Tejendra Majumdar,Sarod,Vilambit,,Kumar Bose,Tabla,Alap,MeditativeRaagDarbariPanditTejendraMajumdarMusicofIndia
Kirwani,355,Tejendra Majumdar,Sarod|Violin,Vilambit,,Mysore Manjunath,,Alap,AlapinRaagKirwaniPanditTejendraMajumdarMysoreManjunathSarodViolinMusicofIndia
Bhimpalasi,723,Uday Bhawalkar,Vocal,Vilambit,,,,Dhrupad,RaagBhimpalasiPanditUdayBhawalkarDhrupad
Bhimpalasi,685,Uday Bhawalkar,Vocal,Vilambit|Drut,,Sukhwinder Singh,Jori,Dhrupad,PanditUdayBhawalkarDhrupadRaagBhimpalasiPartMusicofIndia
Bhimpalasi,709,Uday Bhawalkar,Vocal,Vilambit,,Sukhvinder Singh 'Pinky',Tabla,,RaagBhimpalasiUdayBhawalkarSukhvinderSinghPinkyDhrupadJori
Sawani,1322123,Ulhas Kashalkar,Vocal,,,Jyoti Goho|Gopal Mishra,Harmonium|Tabla,,UlhasKashalkarRaagSawani
Bahar,683351,Ulhas Kashalkar,Vocal,,,Jyoti Goho|Gopal Mishra,Harmonium|Tabla,,UlhasKashalkarRaagBahar
Sohini,701,Ulhas Kashalkar,Vocal,Vilambit|Drut,,Chinmay Kolhatkar|Suresh Talwalkar,Harmonium|Tabla,Khyal,RaagSohiniPanditUlhasKashalkarMusicofIndia
Darbari,610,Ulhas Kashalkar,Vocal,Vilambit,Tilwada,Suresh Talwalkar|Chinmay Kolhatkar,Tabla|Harmonium,Khyal,PanditUlhasKashalkarRaagDarbariKhayalVocalMusicofIndia
Bhairavi,635,Ulhas Kashalkar,Vocal,Vilambit,Roopak,Suresh Talwalkar|Chinmay Kolhatkar,Tabla|Harmonium,Khyal,RaagBhairaviPanditUlhasKashalkarKhayalVocalMusicofIndia
Patdeep,419,Venkatesh Kumar,Vocal,Madhya,Jhaptaal,Satyajit Talwalkar|Murad Ali|Tofail Ahmed,Tabla|Sarangi|Harmonium,Khyal,PowerfulKhayalPartThreeRaagPatdeepPanditVenkateshKumarMusicofIndia
Durga,374,Venkatesh Kumar,Vocal,Drut,Teentaal,Satyajit Talwalkar|Murad Ali|Tofail Ahmed,Tabla|Sarangi|Harmonium,Khyal,RaagDurgaPanditVenkateshKumarKhayalVocal
Multani,657,Venkatesh Kumar,Vocal,Vilambit,Ektaal,Murad Ali Khan|Satyajit Talwalkar|Tofail Ahmed,Sarangi|Tabla|Harmonium,Khyal,AmazingRaagMultaniPanditVenkateshKumarSarangiHarmonium
Multani,335,Venkatesh Kumar,Vocal,Drut,Teentaal,Satyajit Talwalkar|Murad Ali|Tofail Ahmed,Tabla|Sarangi|Harmonium,Khyal,PowerfulKhayalRaagMultaniPanditVenkateshKumarMusicofIndia
Patdeep,327,Venkatesh Kumar,Vocal,Madhya,Jhaptal,Murad Ali Khan|Satyajit Talwalkar|Tofail Ahmed,Sarangi|Tabla|Harmonium,Khyal,MajesticRaagPatdeepVenkateshKumarKhayalvocal
Shuddha Sarang,429,Vinayak Torvi,Vocal,Madhya,Teentaal,Kousic Sen|Bharat Bhushan Goswami|Ajay Joglekar,Tabla|Sarangi|Harmonium,Khyal,PanditVinayakTorviRaagShudhSarangKhayalVocal
Kambhoji,385,Wasifuddin Dagar,Vocal,Vilambit,Chautal,Mohan Shyam Sharma,Pakhawaj,Khyal,DhrupadRaagKambhojiUstadWasifuddinDagarMusicofIndia